,0
name_jac,0.009394692563899742
num_tset,0.0059424611345958445
name_first,0.005918654449682981
name_addr,0.005177282257836036
nn_ratio,0.005058177012199461
nc_ntok_b,0.004853393614632273
an_s1n_b,0.002769708079082722
nk_s1n_b,0.0024958117626577847
hn_logdiff,0.0022632703415465527
num_n_b,0.001393047292780225
an_pooln_b,0.001378153780927871
nk_jw,0.0013613507907674904
nc_s1n_b,0.00120550233277944
addr_alpha_jac,0.0009595196096907066
sk_tsort,0.0008479803008339948
num_min_logdiff,0.0008055072670255514
nk_partial,0.0007985861949070805
rank_joint,0.0007144724654128964
an_partial,0.000664322226714531
hn_reldiff,0.0004886111113533431
nk_pooln_b,0.0004347294395501966
num_jac,0.0004272210140124355
hn_lev,0.0004155534710223452
an_tsort,0.000390638091584683
nc_s1n_a,0.00037878133516944246
nc_pooln_b,0.00036784673651607536
nc_ratio,0.0003506716287081102
name_addr_rk,0.00033413708217588933
nc_ntok_a,0.00032518693633853957
web_b,0.00031357173982304865
nc_tset_gap,0.00031321001994366604
addr_alpha_tset,0.00031301914376091755
nc_partial,0.00030270242640212386
native_b,0.0002855054870810614
score_joint,0.00026809997265775376
an_tset_rk,0.00025869405460993145
num_b_in_a,0.0002580451386772764
sk_tset,0.0002250264008406
num_first,0.00020375392059462927
src_b,0.00020213509758515436
score_addr,0.00018418413286247493
score_name,0.0001683532931259779
an_s1n_a,0.0001526068734719055
num_a_in_b,0.0001197974345900632
street_jw,0.00011819055610728935
nc_tsort,0.0001174799064860288
an_tset,0.00010902206676299819
rank_name_noaddr,0.00010337436747909212
nk_ratio,0.00010251710481962162
nk_pooln_a,0.00010234427642585864
an_tset_gap,0.0001000723386647695
score_addr_gap,9.793322497658741e-05
nc_tset,9.363202269735416e-05
an_ratio,9.28840925973895e-05
score_cgram,9.017802923927398e-05
score_name_gap,8.649170979108112e-05
nc_tset_rk,7.981841798893052e-05
score_name_noaddr,7.176070732112239e-05
n_cands,6.093232343762356e-05
name_addr_gap,5.720392247049455e-05
num_n_a,5.7139101635128586e-05
nk_s1n_a,5.413146122196233e-05
nc_pooln_a,5.2189663394486274e-05
rank_cgram,4.34652034043137e-05
rank_addr,3.5920065524885914e-05
an_pooln_a,3.4313149677001054e-05
name_shared,2.6567978450409147e-05
hn_eq,1.5098072461694478e-05
street_eq,1.4871887971279474e-05
score_addr_rk,1.0683291811086626e-05
num_shared,5.728833573637182e-06
score_name_rk,4.7170878417213125e-06
rank_name,2.831541953907113e-06
addr_empty_b,0.0
