rule,exclusive,t,macro_f05,f05_matched_entities,f05_singletons,pair_precision,pair_recall,n_entities,n_pred_pairs
threshold,False,0.2,0.9426636382217216,0.9503008363326793,0.8149220131853996,0.9572910132786171,0.9444265265399128,220479,752488
threshold,False,0.25,0.948734748496684,0.9548458650641002,0.8465187329152597,0.965249570169783,0.9421439603114045,220479,744480
threshold,False,0.3,0.9531324269999686,0.9581173152048202,0.869753979739508,0.9711559949129885,0.9401052523933513,220479,738351
threshold,False,0.35,0.9561877804329877,0.9602593990707832,0.8880849011095031,0.9756435170979509,0.9379564149157378,220479,733275
threshold,False,0.4,0.9587539924765991,0.9619359717904068,0.905531435922174,0.9795336887122364,0.9357079364080457,220479,728612
threshold,False,0.45,0.9608757897417275,0.963252114950737,0.9211287988422576,0.9829091335832281,0.9333821049954244,220479,724305
threshold,False,0.5,0.962355162652781,0.9641181493384597,0.9328670204212896,0.9855426000008326,0.9311847580689568,220479,720669
threshold,False,0.55,0.9633571456106242,0.9645311265908394,0.9437208554429972,0.9876020157873612,0.9290739415107153,220479,717536
threshold,False,0.6,0.9640145795463099,0.9647423848365985,0.9518411320147934,0.9893553894813446,0.9268372625986905,220479,714540
threshold,False,0.65,0.9644345580712951,0.9646971843482827,0.960041807364528,0.9912081172288548,0.9238204993064459,220479,710883
threshold,False,0.7,0.9645751305900448,0.9644664283355807,0.9663933108216755,0.9927673200489153,0.9206686961971214,220479,707345
threshold,False,0.75,0.9643609750529283,0.963878963371136,0.9724232191670686,0.9939161381394517,0.9175811353308738,220479,704158
threshold,False,0.8,0.9637332775628322,0.9628772660378275,0.978051133622769,0.9950452142052424,0.9136335150471067,220479,700333
threshold,False,0.85,0.9624462580702398,0.9612297024772443,0.9827946615211449,0.9960633996813913,0.9082882982098702,220479,695524
threshold,False,0.9,0.959920831600564,0.958269692178276,0.9875381894195209,0.9970833708563677,0.8999918713896515,220479,688466
threshold,False,0.95,0.9532819277719802,0.9509070142579513,0.9930053063193439,0.9982319104563511,0.8823239434773146,220479,674174
expected_f,False,,0.9634621883171985,0.9662142549689128,0.9174304550570831,0.992511982243914,0.9192828992393194,220479,706462
threshold,True,0.2,0.9442311591991138,0.9516063744601371,0.8208715227528541,0.9595003578201358,0.9439506095146695,220479,750377
threshold,True,0.25,0.949828957696317,0.9557555422437223,0.8506994693680656,0.9668203261169471,0.9417821060442774,220479,742985
threshold,True,0.3,0.9539471671669275,0.9587692688931361,0.8732915259688053,0.9723240650691016,0.9398286174282651,220479,737247
threshold,True,0.35,0.9568161709924604,0.9607475092133119,0.8910596558932304,0.9765239627605472,0.9377453332599136,220479,732449
threshold,True,0.4,0.9592754947773381,0.9623204167111903,0.9083453931500242,0.9802168970940734,0.9355676523262247,220479,727995
threshold,True,0.45,0.9612805412934633,0.9635560897315504,0.9232191670686606,0.9834450306770504,0.9332798418329754,220479,723831
threshold,True,0.5,0.9626766816324881,0.9643675625941489,0.9343945972021225,0.9859832092841802,0.9310969166345455,220479,720279
threshold,True,0.55,0.9636236215525649,0.9647366262240997,0.9450072358900145,0.9879672955834538,0.9289978996719712,220479,717212
threshold,True,0.6,0.9642166854893379,0.9649085064963339,0.9526451197941791,0.9896511751628204,0.9267821978189102,220479,714284
threshold,True,0.65,0.9646062892729415,0.964840728763123,0.9606849975880367,0.991447747963247,0.9237929669165559,220479,710690
threshold,True,0.7,0.9647139604806154,0.9645799111367743,0.9669561022672455,0.9929609230834494,0.9206529634028985,220479,707195
threshold,True,0.75,0.9644695682334942,0.9639748219560205,0.972744814278823,0.9940755786289034,0.9175680246690213,220479,704035
threshold,True,0.8,0.9638190473864247,0.9629441299970272,0.9784531275124618,0.9951659500086398,0.9136243375838099,220479,700241
threshold,True,0.85,0.9625076479446818,0.9612803423901803,0.9830358578549606,0.9961593213027536,0.9082791207465736,220479,695450
threshold,True,0.9,0.9599687364282116,0.9583108475682949,0.9876989869753979,0.9971615628545323,0.8999853160587252,220479,688407
threshold,True,0.95,0.9532948511037462,0.9509207102278054,0.9930053063193439,0.9982630004257207,0.8823213213449441,220479,674151
expected_f,True,,0.9637260739829788,0.9663016475872214,0.9206464061746261,0.9927768848988608,0.9191937467387229,220479,706205
